tag,cls,var,n,median,p10,p90,mean,frac_pos
lowre128,all_a>0,rho,3994922,0.703152,0.142516,0.987866,0.631171,1
lowre128,all_a>0,Lam,3994922,2.15297,0.631031,12.9082,31.6937,1
lowre128,all_a>0,Dperp,3994922,0.787616,0.400271,0.98715,0.736804,1
lowre128,all_a>0,cosphi,3994922,-0.0915459,-0.945721,0.924357,-0.0489094,0.466321
lowre128,all_a>0,sP,3994922,1.27627,-3.20181,15.4941,26.0512,0.707393
lowre128,all_a>0,sV,3994922,-1.30377,-18.3308,5.33049,-22.6113,0.347283
lowre128,all_a>0,sF,3994922,0.108911,-0.452907,1.46786,1.85221,0.685307
lowre128,all_a>0,dlogb_dG,3994922,-1.56242,-14.1216,10.4083,3.29204,0.35291
lowre128,all_a>0,frac_Dperp_lt_0.5,3994922,0.167076,nan,nan,nan,nan
lowre128,all_a>0,frac_Lam_lt_0.229,3994922,0.00785397,nan,nan,nan,nan
lowre128,all_a>0,frac_cosphi_lt_-0.5,3994922,0.340252,nan,nan,nan,nan
lowre128,all_a>0,median_Mnu_over_T,3994922,0.663268,nan,nan,nan,nan
lowre128,all_a>0,median_Mf_over_Mnu,3994922,0.153185,nan,nan,nan,nan
lowre128,all_a>0,median_Mtrunc_over_b,3994922,0.0236038,nan,nan,nan,nan
lowre128,all_a>0,median_Mtrunc_over_Mnu,3994922,0.0468969,nan,nan,nan,nan
lowre128,all_a>0,frac_rhoG_lt_0.05,3994922,0.0365947,nan,nan,nan,nan
lowre128,all_a>0,frac_dlogb_dG_pos,3994922,0.35291,nan,nan,nan,nan
lowre128,q>2qrms,rho,131150,0.759313,0.172617,0.991523,0.665914,1
lowre128,q>2qrms,Lam,131150,2.52244,0.720701,14.9684,24.0044,1
lowre128,q>2qrms,Dperp,131150,0.772179,0.417128,0.977338,0.730395,1
lowre128,q>2qrms,cosphi,131150,-0.412755,-0.971387,0.805076,-0.24407,0.338772
lowre128,q>2qrms,sP,131150,5.92264,-5.31135,41.2536,88.0425,0.814167
lowre128,q>2qrms,sV,131150,-5.10866,-38.0364,1.78136,-65.9566,0.148624
lowre128,q>2qrms,sF,131150,0.122576,-0.586861,1.62111,-0.787513,0.670339
lowre128,q>2qrms,dlogb_dG,131150,-1.08399,-19.7352,16.5974,19.2984,0.421647
lowre128,q>2qrms,frac_Dperp_lt_0.5,131150,0.157903,nan,nan,nan,nan
lowre128,q>2qrms,frac_Lam_lt_0.229,131150,0.00362181,nan,nan,nan,nan
lowre128,q>2qrms,frac_cosphi_lt_-0.5,131150,0.456264,nan,nan,nan,nan
lowre128,q>2qrms,median_Mnu_over_T,131150,0.278418,nan,nan,nan,nan
lowre128,q>2qrms,median_Mf_over_Mnu,131150,0.116937,nan,nan,nan,nan
lowre128,q>2qrms,median_Mtrunc_over_b,131150,0.0119347,nan,nan,nan,nan
lowre128,q>2qrms,median_Mtrunc_over_Mnu,131150,0.039738,nan,nan,nan,nan
lowre128,q>2qrms,frac_rhoG_lt_0.05,131150,0.0266794,nan,nan,nan,nan
lowre128,q>2qrms,frac_dlogb_dG_pos,131150,0.421647,nan,nan,nan,nan
lowre128,q>3qrms,rho,10719,0.82433,0.26375,0.994314,0.722279,1
lowre128,q>3qrms,Lam,10719,2.86951,0.902341,17.3568,22.5045,1
lowre128,q>3qrms,Dperp,10719,0.82933,0.443238,0.976745,0.761956,1
lowre128,q>3qrms,cosphi,10719,-0.382687,-0.962525,0.753538,-0.250201,0.334733
lowre128,q>3qrms,sP,10719,8.87749,-2.56383,53.5032,58.3893,0.867898
lowre128,q>3qrms,sV,10719,-8.27551,-49.7986,-0.415247,-66.1139,0.0849893
lowre128,q>3qrms,sF,10719,0.116037,-0.569639,1.188,0.978096,0.632242
lowre128,q>3qrms,dlogb_dG,10719,-1.0201,-20.6352,14.4083,-8.74646,0.426159
lowre128,q>3qrms,frac_Dperp_lt_0.5,10719,0.133408,nan,nan,nan,nan
lowre128,q>3qrms,frac_Lam_lt_0.229,10719,0.000653046,nan,nan,nan,nan
lowre128,q>3qrms,frac_cosphi_lt_-0.5,10719,0.443138,nan,nan,nan,nan
lowre128,q>3qrms,median_Mnu_over_T,10719,0.202622,nan,nan,nan,nan
lowre128,q>3qrms,median_Mf_over_Mnu,10719,0.102198,nan,nan,nan,nan
lowre128,q>3qrms,median_Mtrunc_over_b,10719,0.00846763,nan,nan,nan,nan
lowre128,q>3qrms,median_Mtrunc_over_Mnu,10719,0.0372529,nan,nan,nan,nan
lowre128,q>3qrms,frac_rhoG_lt_0.05,10719,0.0144603,nan,nan,nan,nan
lowre128,q>3qrms,frac_dlogb_dG_pos,10719,0.426159,nan,nan,nan,nan
lowre128,q>3qrms_rho<0.05,rho,151,0.0250037,0.00535671,0.0444466,0.0251786,1
lowre128,q>3qrms_rho<0.05,Lam,151,0.641488,0.294255,1.26913,0.737322,1
lowre128,q>3qrms_rho<0.05,Dperp,151,0.239791,0.0775626,0.56027,0.291651,1
lowre128,q>3qrms_rho<0.05,cosphi,151,-0.955858,-0.99833,-0.489665,-0.820763,0.0331126
lowre128,q>3qrms_rho<0.05,sP,151,6.77436,-57.7932,52.6728,-13.888,0.682119
lowre128,q>3qrms_rho<0.05,sV,151,-6.2763,-30.4516,25.9603,-16.3528,0.317881
lowre128,q>3qrms_rho<0.05,sF,151,0.170645,-1.42263,2.04031,-0.2578,0.615894
lowre128,q>3qrms_rho<0.05,dlogb_dG,151,-0.541692,-46.3775,30.4832,-32.4987,0.476821
lowre128,q>3qrms_rho<0.05,frac_Dperp_lt_0.5,151,0.874172,nan,nan,nan,nan
lowre128,q>3qrms_rho<0.05,frac_Lam_lt_0.229,151,0.0463576,nan,nan,nan,nan
lowre128,q>3qrms_rho<0.05,frac_cosphi_lt_-0.5,151,0.887417,nan,nan,nan,nan
lowre128,q>3qrms_rho<0.05,median_Mnu_over_T,151,0.792229,nan,nan,nan,nan
lowre128,q>3qrms_rho<0.05,median_Mf_over_Mnu,151,0.0559101,nan,nan,nan,nan
lowre128,q>3qrms_rho<0.05,median_Mtrunc_over_b,151,0.121367,nan,nan,nan,nan
lowre128,q>3qrms_rho<0.05,median_Mtrunc_over_Mnu,151,0.0564161,nan,nan,nan,nan
lowre128,q>3qrms_rho<0.05,frac_rhoG_lt_0.05,151,0.97351,nan,nan,nan,nan
lowre128,q>3qrms_rho<0.05,frac_dlogb_dG_pos,151,0.476821,nan,nan,nan,nan
lowre128,q>3qrms_rho>=0.05,rho,10568,0.829689,0.293312,0.994472,0.732239,1
lowre128,q>3qrms_rho>=0.05,Lam,10568,2.92257,0.934424,17.5067,22.8155,1
lowre128,q>3qrms_rho>=0.05,Dperp,10568,0.832728,0.460767,0.977408,0.768676,1
lowre128,q>3qrms_rho>=0.05,cosphi,10568,-0.366582,-0.95829,0.759055,-0.242049,0.339042
lowre128,q>3qrms_rho>=0.05,sP,10568,8.89692,-2.26407,53.6281,59.4221,0.870553
lowre128,q>3qrms_rho>=0.05,sV,10568,-8.28856,-50.0643,-0.478081,-66.8249,0.0816616
lowre128,q>3qrms_rho>=0.05,sF,10568,0.115905,-0.561498,1.18335,0.995755,0.632475
lowre128,q>3qrms_rho>=0.05,dlogb_dG,10568,-1.02359,-20.3979,14.1402,-8.40707,0.425435
lowre128,q>3qrms_rho>=0.05,frac_Dperp_lt_0.5,10568,0.122824,nan,nan,nan,nan
lowre128,q>3qrms_rho>=0.05,frac_Lam_lt_0.229,10568,0,nan,nan,nan,nan
lowre128,q>3qrms_rho>=0.05,frac_cosphi_lt_-0.5,10568,0.43679,nan,nan,nan,nan
lowre128,q>3qrms_rho>=0.05,median_Mnu_over_T,10568,0.199542,nan,nan,nan,nan
lowre128,q>3qrms_rho>=0.05,median_Mf_over_Mnu,10568,0.102855,nan,nan,nan,nan
lowre128,q>3qrms_rho>=0.05,median_Mtrunc_over_b,10568,0.00830589,nan,nan,nan,nan
lowre128,q>3qrms_rho>=0.05,median_Mtrunc_over_Mnu,10568,0.0370503,nan,nan,nan,nan
lowre128,q>3qrms_rho>=0.05,frac_rhoG_lt_0.05,10568,0.000757002,nan,nan,nan,nan
lowre128,q>3qrms_rho>=0.05,frac_dlogb_dG_pos,10568,0.425435,nan,nan,nan,nan
lowre128,q>4qrms,rho,518,0.74294,0.268745,0.992003,0.68555,1
lowre128,q>4qrms,Lam,518,2.01865,0.985296,13.7587,17.0515,1
lowre128,q>4qrms,Dperp,518,0.829545,0.475268,0.97926,0.768364,1
lowre128,q>4qrms,cosphi,518,-0.222112,-0.976486,0.870143,-0.149476,0.434363
lowre128,q>4qrms,sP,518,15.6224,1.29765,69.7054,137.849,0.911197
lowre128,q>4qrms,sV,518,-13.4063,-62.3747,-5.26003,-94.7109,0.0250965
lowre128,q>4qrms,sF,518,-0.177966,-1.13374,0.485383,-1.50966,0.370656
lowre128,q>4qrms,dlogb_dG,518,-0.0610655,-18.5972,15.813,39.6282,0.5
lowre128,q>4qrms,frac_Dperp_lt_0.5,518,0.117761,nan,nan,nan,nan
lowre128,q>4qrms,frac_Lam_lt_0.229,518,0.0019305,nan,nan,nan,nan
lowre128,q>4qrms,frac_cosphi_lt_-0.5,518,0.403475,nan,nan,nan,nan
lowre128,q>4qrms,median_Mnu_over_T,518,0.276456,nan,nan,nan,nan
lowre128,q>4qrms,median_Mf_over_Mnu,518,0.0712687,nan,nan,nan,nan
lowre128,q>4qrms,median_Mtrunc_over_b,518,0.0131408,nan,nan,nan,nan
lowre128,q>4qrms,median_Mtrunc_over_Mnu,518,0.0428338,nan,nan,nan,nan
lowre128,q>4qrms,frac_rhoG_lt_0.05,518,0.0135135,nan,nan,nan,nan
lowre128,q>4qrms,frac_dlogb_dG_pos,518,0.5,nan,nan,nan,nan
lowre128,q>4qrms_rho<0.05,rho,7,0.0287031,0.0114248,0.0463238,0.027042,1
lowre128,q>4qrms_rho<0.05,Lam,7,0.725254,0.217419,1.04108,0.693169,1
lowre128,q>4qrms_rho<0.05,Dperp,7,0.200358,0.144653,0.725603,0.311389,1
lowre128,q>4qrms_rho<0.05,cosphi,7,-0.960787,-0.993694,0.062816,-0.767156,0.142857
lowre128,q>4qrms_rho<0.05,sP,7,30.5652,-34.4764,84.5638,30.4387,0.857143
lowre128,q>4qrms_rho<0.05,sV,7,-7.87748,-58.0259,34.9187,-11.2307,0.285714
lowre128,q>4qrms_rho<0.05,sF,7,-1.07954,-2.02516,4.25191,-0.0560913,0.285714
lowre128,q>4qrms_rho<0.05,dlogb_dG,7,9.37226,-29.2116,108.902,17.1518,0.571429
lowre128,q>4qrms_rho<0.05,frac_Dperp_lt_0.5,7,0.857143,nan,nan,nan,nan
lowre128,q>4qrms_rho<0.05,frac_Lam_lt_0.229,7,0.142857,nan,nan,nan,nan
lowre128,q>4qrms_rho<0.05,frac_cosphi_lt_-0.5,7,0.857143,nan,nan,nan,nan
lowre128,q>4qrms_rho<0.05,median_Mnu_over_T,7,0.686164,nan,nan,nan,nan
lowre128,q>4qrms_rho<0.05,median_Mf_over_Mnu,7,0.112015,nan,nan,nan,nan
lowre128,q>4qrms_rho<0.05,median_Mtrunc_over_b,7,0.0935269,nan,nan,nan,nan
lowre128,q>4qrms_rho<0.05,median_Mtrunc_over_Mnu,7,0.0518138,nan,nan,nan,nan
lowre128,q>4qrms_rho<0.05,frac_rhoG_lt_0.05,7,1,nan,nan,nan,nan
lowre128,q>4qrms_rho<0.05,frac_dlogb_dG_pos,7,0.571429,nan,nan,nan,nan
