cls,quantity,n,median,p90
q>2qrms_a>0,|om_128 - om_192| / |om_192|,5266,0.00617577,0.0155602
q>2qrms_a>0,|b_128 - b_192| / |b_192|,5266,0.106224,0.376041
q>2qrms_a>0,|tau_128 - tau_192| / |tau_192|,5266,0.0237473,0.0856388
q>2qrms_a>0,|r_nu_128 - r_nu_192| / |r_nu_192|,5266,0.286271,1.16004
q>2qrms_a>0,|P_128 - P_192| / |P_192|,5266,0.160758,0.691398
q>2qrms_a>0,|Vc_128 - Vc_192| / |Vc_192|,5266,0.564828,2.3743
q>2qrms_a>0,|F_128 - F_192| / |F_192|,5266,0.150324,0.67206
q>2qrms_a>0,|Y_128 - Y_192| / |Y_192|,5266,0.403695,1.34455
q>2qrms_a>0,rho: median 128 / median 192,5266,0.99369,nan
q>2qrms_a>0,Lam: median 128 / median 192,5266,0.981927,nan
q>2qrms_a>0,Dperp: median 128 / median 192,5266,0.997051,nan
q>2qrms_a>0,sP: median 128 / median 192,5266,1.02697,0.973604
q>2qrms_a>0,sV: median 128 / median 192,5266,0.973385,0.868401
q>2qrms_a>0,sF: median 128 / median 192,5266,0.991723,0.965818
q>3qrms_a>0,|om_128 - om_192| / |om_192|,720,0.00555044,0.013253
q>3qrms_a>0,|b_128 - b_192| / |b_192|,720,0.0935357,0.33725
q>3qrms_a>0,|tau_128 - tau_192| / |tau_192|,720,0.0254712,0.0842674
q>3qrms_a>0,|r_nu_128 - r_nu_192| / |r_nu_192|,720,0.266061,1.05716
q>3qrms_a>0,|P_128 - P_192| / |P_192|,720,0.138756,0.656237
q>3qrms_a>0,|Vc_128 - Vc_192| / |Vc_192|,720,0.429047,1.47529
q>3qrms_a>0,|F_128 - F_192| / |F_192|,720,0.136354,0.636703
q>3qrms_a>0,|Y_128 - Y_192| / |Y_192|,720,0.262841,0.870238
q>3qrms_a>0,rho: median 128 / median 192,720,1.00167,nan
q>3qrms_a>0,Lam: median 128 / median 192,720,1.01229,nan
q>3qrms_a>0,Dperp: median 128 / median 192,720,1.01055,nan
q>3qrms_a>0,sP: median 128 / median 192,720,0.967848,0.973611
q>3qrms_a>0,sV: median 128 / median 192,720,1.03867,0.922222
q>3qrms_a>0,sF: median 128 / median 192,720,1.66885,0.961111
