A,B,bond_energy_kJ_mol,en_diff,en_mean,radius_sum_pm,radius_diff_pm,group_A,group_B,period_A,period_B,P_A,P_B,rV_A,rV_B,P_sum,P_diff,P_prod,same_P,both_prime_weight,rV_sum,rV_diff,rV_prod
C,S,260,0.03000000000000025,2.565,181,29,14,16,2,3,2,3,0.5,0.3333333333333333,5,1,6,0,0,0.8333333333333333,0.16666666666666669,0.16666666666666666
C,Cl,330,0.6100000000000003,2.855,178,26,14,17,2,3,2,7,0.5,0.2857142857142857,9,5,14,0,0,0.7857142857142857,0.2142857142857143,0.14285714285714285
F,Cl,255,0.8199999999999998,3.5700000000000003,159,45,17,17,2,3,7,7,0.2857142857142857,0.2857142857142857,14,0,49,1,1,0.5714285714285714,0.0,0.08163265306122448
C,Br,275,0.41000000000000014,2.755,196,44,14,17,2,4,2,7,0.5,0.2857142857142857,9,5,14,0,0,0.7857142857142857,0.2142857142857143,0.14285714285714285
F,Br,235,1.02,3.4699999999999998,177,63,17,17,2,4,7,7,0.2857142857142857,0.2857142857142857,14,0,49,1,1,0.5714285714285714,0.0,0.08163265306122448
Si,Si,230,0.0,1.9,222,0,14,14,3,3,2,2,0.5,0.5,4,0,4,1,0,1.0,0.0,0.25
C,I,240,0.11000000000000032,2.605,215,63,14,17,2,5,2,7,0.5,0.2857142857142857,9,5,14,0,0,0.7857142857142857,0.2142857142857143,0.14285714285714285
Si,P,215,0.29000000000000004,2.045,218,4,14,15,3,3,2,5,0.5,0.4,7,3,10,0,0,0.9,0.09999999999999998,0.2
N,N,160,0.0,3.04,142,0,15,15,2,2,5,5,0.4,0.4,10,0,25,1,1,0.8,0.0,0.16000000000000003
Si,S,225,0.6800000000000002,2.24,216,6,14,16,3,3,2,3,0.5,0.3333333333333333,5,1,6,0,0,0.8333333333333333,0.16666666666666669,0.16666666666666666
Si,Cl,359,1.2600000000000002,2.5300000000000002,213,9,14,17,3,3,2,7,0.5,0.2857142857142857,9,5,14,0,0,0.7857142857142857,0.2142857142857143,0.14285714285714285
Si,Br,290,1.06,2.4299999999999997,231,9,14,17,3,4,2,7,0.5,0.2857142857142857,9,5,14,0,0,0.7857142857142857,0.2142857142857143,0.14285714285714285
N,O,200,0.3999999999999999,3.24,137,5,15,16,2,2,5,3,0.4,0.3333333333333333,8,2,15,0,1,0.7333333333333334,0.06666666666666671,0.13333333333333333
Si,I,215,0.7600000000000002,2.2800000000000002,250,28,14,17,3,5,2,7,0.5,0.2857142857142857,9,5,14,0,0,0.7857142857142857,0.2142857142857143,0.14285714285714285
N,F,270,0.94,3.51,128,14,15,17,2,2,5,7,0.4,0.2857142857142857,12,2,35,0,1,0.6857142857142857,0.11428571428571432,0.11428571428571428
P,P,215,0.0,2.19,214,0,15,15,3,3,5,5,0.4,0.4,10,0,25,1,1,0.8,0.0,0.16000000000000003
N,P,210,0.8500000000000001,2.615,178,36,15,15,2,3,5,5,0.4,0.4,10,0,25,1,1,0.8,0.0,0.16000000000000003
P,S,230,0.3900000000000001,2.385,212,2,15,16,3,3,5,3,0.4,0.3333333333333333,8,2,15,0,1,0.7333333333333334,0.06666666666666671,0.13333333333333333
N,Cl,200,0.1200000000000001,3.1,173,31,15,17,2,3,5,7,0.4,0.2857142857142857,12,2,35,0,1,0.6857142857142857,0.11428571428571432,0.11428571428571428
P,Cl,330,0.9700000000000002,2.675,209,5,15,17,3,3,5,7,0.4,0.2857142857142857,12,2,35,0,1,0.6857142857142857,0.11428571428571432,0.11428571428571428
N,Br,245,0.08000000000000007,3.0,191,49,15,17,2,4,5,7,0.4,0.2857142857142857,12,2,35,0,1,0.6857142857142857,0.11428571428571432,0.11428571428571428
P,Br,270,0.77,2.575,227,13,15,17,3,4,5,7,0.4,0.2857142857142857,12,2,35,0,1,0.6857142857142857,0.11428571428571432,0.11428571428571428
O,O,140,0.0,3.44,132,0,16,16,2,2,3,3,0.3333333333333333,0.3333333333333333,6,0,9,1,1,0.6666666666666666,0.0,0.1111111111111111
P,I,215,0.4700000000000002,2.425,246,32,15,17,3,5,5,7,0.4,0.2857142857142857,12,2,35,0,1,0.6857142857142857,0.11428571428571432,0.11428571428571428
S,S,215,0.0,2.58,210,0,16,16,3,3,3,3,0.3333333333333333,0.3333333333333333,6,0,9,1,1,0.6666666666666666,0.0,0.1111111111111111
C,N,290,0.4900000000000002,2.795,147,5,14,15,2,2,2,5,0.5,0.4,7,3,10,0,0,0.9,0.09999999999999998,0.2
O,F,160,0.54,3.71,123,9,16,17,2,2,3,7,0.3333333333333333,0.2857142857142857,10,4,21,0,1,0.6190476190476191,0.047619047619047616,0.09523809523809523
S,Cl,250,0.5800000000000001,2.87,207,3,16,17,3,3,3,7,0.3333333333333333,0.2857142857142857,10,4,21,0,1,0.6190476190476191,0.047619047619047616,0.09523809523809523
O,Si,370,1.54,2.67,177,45,16,14,2,3,3,2,0.3333333333333333,0.5,5,1,6,0,0,0.8333333333333333,0.16666666666666669,0.16666666666666666
S,Br,215,0.3799999999999999,2.77,225,15,16,17,3,4,3,7,0.3333333333333333,0.2857142857142857,10,4,21,0,1,0.6190476190476191,0.047619047619047616,0.09523809523809523
O,P,350,1.25,2.815,173,41,16,15,2,3,3,5,0.3333333333333333,0.4,8,2,15,0,1,0.7333333333333334,0.06666666666666671,0.13333333333333333
Cl,Cl,243,0.0,3.16,204,0,17,17,3,3,7,7,0.2857142857142857,0.2857142857142857,14,0,49,1,1,0.5714285714285714,0.0,0.08163265306122448
C,O,350,0.8900000000000001,2.995,142,10,14,16,2,2,2,3,0.5,0.3333333333333333,5,1,6,0,0,0.8333333333333333,0.16666666666666669,0.16666666666666666
O,Cl,205,0.2799999999999998,3.3,168,36,16,17,2,3,3,7,0.3333333333333333,0.2857142857142857,10,4,21,0,1,0.6190476190476191,0.047619047619047616,0.09523809523809523
Cl,Br,220,0.20000000000000018,3.06,222,18,17,17,3,4,7,7,0.2857142857142857,0.2857142857142857,14,0,49,1,1,0.5714285714285714,0.0,0.08163265306122448
O,I,200,0.7799999999999998,3.05,205,73,16,17,2,5,3,7,0.3333333333333333,0.2857142857142857,10,4,21,0,1,0.6190476190476191,0.047619047619047616,0.09523809523809523
Cl,I,210,0.5,2.91,241,37,17,17,3,5,7,7,0.2857142857142857,0.2857142857142857,14,0,49,1,1,0.5714285714285714,0.0,0.08163265306122448
F,F,160,0.0,3.98,114,0,17,17,2,2,7,7,0.2857142857142857,0.2857142857142857,14,0,49,1,1,0.5714285714285714,0.0,0.08163265306122448
Br,Br,190,0.0,2.96,240,0,17,17,4,4,7,7,0.2857142857142857,0.2857142857142857,14,0,49,1,1,0.5714285714285714,0.0,0.08163265306122448
C,F,439,1.4300000000000002,3.2649999999999997,133,19,14,17,2,2,2,7,0.5,0.2857142857142857,9,5,14,0,0,0.7857142857142857,0.2142857142857143,0.14285714285714285
F,Si,540,2.08,2.94,168,54,17,14,2,3,7,2,0.2857142857142857,0.5,9,5,14,0,0,0.7857142857142857,0.2142857142857143,0.14285714285714285
Br,I,180,0.2999999999999998,2.81,259,19,17,17,4,5,7,7,0.2857142857142857,0.2857142857142857,14,0,49,1,1,0.5714285714285714,0.0,0.08163265306122448
C,Si,360,0.6499999999999999,2.2249999999999996,187,35,14,14,2,3,2,2,0.5,0.5,4,0,4,1,0,1.0,0.0,0.25
F,P,489,1.79,3.085,164,50,17,15,2,3,7,5,0.2857142857142857,0.4,12,2,35,0,1,0.6857142857142857,0.11428571428571432,0.11428571428571428
I,I,150,0.0,2.66,278,0,17,17,5,5,7,7,0.2857142857142857,0.2857142857142857,14,0,49,1,1,0.5714285714285714,0.0,0.08163265306122448
C,P,265,0.3599999999999999,2.37,183,31,14,15,2,3,2,5,0.5,0.4,7,3,10,0,0,0.9,0.09999999999999998,0.2
F,S,285,1.4,3.2800000000000002,162,48,17,16,2,3,7,3,0.2857142857142857,0.3333333333333333,10,4,21,0,1,0.6190476190476191,0.047619047619047616,0.09523809523809523
