condition,run,m2,q4,aspect,compactness,perimeter
sin_semilla,0,-0.0010312178421691659,0.1348382297485727,1.0172413793103448,0.9351256575102279,276.0
sin_semilla,1,0.0024941963690722603,0.13713384316625116,1.0172413793103448,0.9351256575102279,272.0
sin_semilla,2,-0.0023830305043053245,0.13850257615660927,1.0172413793103448,0.9351256575102279,268.0
sin_semilla,3,0.0035661454324394403,0.13795443788897896,1.0175438596491229,0.9679370840895342,262.0
sin_semilla,4,0.0003732848704900482,0.14135033248592435,1.0175438596491229,0.9679370840895342,266.0
sin_semilla,5,-0.00022773651421788887,0.1378055937648211,1.0350877192982457,0.951531370799881,270.0
sin_semilla,6,0.0013050233615548284,0.13635537013560906,1.0172413793103448,0.9351256575102279,268.0
sin_semilla,7,-0.00202773710261943,0.1373032809513008,1.0172413793103448,0.9351256575102279,262.0
sin_semilla,8,-0.00317440902668522,0.13708469615193572,1.0,0.9849184364419822,260.0
sin_semilla,9,-0.00037618204042751596,0.1416555564032799,1.0350877192982457,0.951531370799881,270.0
sin_semilla,10,0.0009915852202846318,0.13676824387792133,1.0172413793103448,0.9351256575102279,274.0
sin_semilla,11,-0.0012565268251796817,0.13888305662677106,1.0175438596491229,0.9679370840895342,270.0
sin_semilla,12,0.0009957647862126088,0.1412566126704077,1.0,0.9512485136741974,262.0
sin_semilla,13,-0.0023121721564957646,0.13840843369530764,1.0,0.9512485136741974,260.0
sin_semilla,14,0.0013032523283504451,0.1362423217668754,1.0,0.9192760700948004,266.0
sin_semilla,15,0.0013833650214483447,0.13986219027718544,1.0,0.9512485136741974,266.0
sin_semilla,16,-0.00041394126162196815,0.13625752405234468,1.0172413793103448,0.9351256575102279,272.0
sin_semilla,17,-0.0011019391565190969,0.14138519928207008,1.0175438596491229,0.9679370840895342,266.0
sin_semilla,18,0.0001414138917744251,0.13952405163945433,1.0,0.9192760700948004,282.0
sin_semilla,19,-9.757391590781678e-05,0.1434248513236726,1.0,0.9512485136741974,266.0
sin_semilla,20,0.001270491843831372,0.14098649642722993,1.0175438596491229,0.9679370840895342,270.0
sin_semilla,21,-0.0007139083904902912,0.14005359560304678,1.0175438596491229,0.9679370840895342,262.0
sin_semilla,22,-0.0003904574400234795,0.13850083101839125,1.0175438596491229,0.9679370840895342,274.0
sin_semilla,23,-0.0021305950791805006,0.138916231524575,1.0175438596491229,0.9679370840895342,258.0
sin_semilla,24,0.002460940426347135,0.13558128766765407,1.0350877192982457,0.951531370799881,272.0
sin_semilla,25,-3.009356468833907e-05,0.13719237242841678,1.0175438596491229,0.9679370840895342,268.0
sin_semilla,26,-0.002176168368649824,0.14002461291241947,1.0172413793103448,0.9351256575102279,278.0
sin_semilla,27,-0.0031418438058306896,0.13983555939772419,1.0350877192982457,0.951531370799881,276.0
sin_semilla,28,-0.0019692502848616808,0.14287284917945078,1.0,0.9849184364419822,274.0
sin_semilla,29,-0.0011029264148143436,0.1377400676050002,1.0172413793103448,0.9351256575102279,266.0
sin_semilla,30,0.0004409853894049975,0.1384809466201841,1.0175438596491229,0.9679370840895342,266.0
sin_semilla,31,-0.0047427699973406215,0.14061690305302899,1.0175438596491229,0.9679370840895342,272.0
sin_semilla,32,-0.0019288638452210852,0.13553050322104343,1.0350877192982457,0.951531370799881,258.0
sin_semilla,33,0.000881704100317019,0.13796946666989696,1.0172413793103448,0.9351256575102279,280.0
sin_semilla,34,9.741389384419042e-05,0.14220338405461846,1.0,0.9849184364419822,274.0
sin_semilla,35,0.0021964555046999575,0.14319316969305884,1.0,0.9192760700948004,280.0
sin_semilla,36,0.0007099396225531346,0.13413430516438601,1.0175438596491229,0.9679370840895342,262.0
sin_semilla,37,0.004239737217210631,0.14045790308482958,1.0350877192982457,0.951531370799881,266.0
sin_semilla,38,0.0035773022437904406,0.13717873762025942,1.0175438596491229,0.9679370840895342,260.0
sin_semilla,39,0.0012187927753757365,0.13803073402512306,1.0172413793103448,0.9351256575102279,276.0
con_semilla,0,-0.0010922281908273624,0.1401278695354308,1.0175438596491229,0.9679370840895342,280.0
con_semilla,1,0.00041767378469731637,0.13856829514086447,1.0175438596491229,0.9679370840895342,266.0
con_semilla,2,-0.0019218125178691807,0.13931531159183327,1.0175438596491229,0.9679370840895342,264.0
con_semilla,3,0.001561705842359092,0.13816505946108532,1.0350877192982457,0.951531370799881,272.0
con_semilla,4,-0.0012379828356126846,0.13846973786785585,1.0,0.9512485136741974,276.0
con_semilla,5,-0.0024793509850877153,0.14010390959719188,1.0175438596491229,0.9679370840895342,274.0
con_semilla,6,0.001395091345767015,0.13883608866970246,1.0175438596491229,0.9679370840895342,266.0
con_semilla,7,-0.0019662798563343585,0.1477490837506787,1.0,0.9192760700948004,276.0
con_semilla,8,0.002152539372469376,0.14028935251625985,1.0,0.9192760700948004,276.0
con_semilla,9,-0.0021161327691037487,0.13950196170263396,1.0175438596491229,0.9679370840895342,272.0
con_semilla,10,-0.003020586647129158,0.13892904800389436,1.0175438596491229,0.9679370840895342,270.0
con_semilla,11,0.003549394805506064,0.1415143856176977,1.0175438596491229,0.9679370840895342,268.0
con_semilla,12,-0.0003392185977428876,0.1376169840442538,1.0172413793103448,0.9351256575102279,284.0
con_semilla,13,0.0030491431765974665,0.1403299857519688,1.0,0.9512485136741974,278.0
con_semilla,14,0.0007263469449833213,0.13784102893729916,1.0,0.9512485136741974,270.0
con_semilla,15,0.0008916910203407149,0.1437307762759054,1.0172413793103448,0.9351256575102279,268.0
con_semilla,16,0.001585505286793602,0.13576194775630757,1.0172413793103448,0.9351256575102279,276.0
con_semilla,17,0.0011246166811162395,0.13937133677879088,1.0172413793103448,0.9351256575102279,278.0
con_semilla,18,-0.0016023900953596466,0.13728638430376847,1.0,0.9512485136741974,258.0
con_semilla,19,0.0029939742177178177,0.14033840929297567,1.0175438596491229,0.9679370840895342,270.0
con_semilla,20,0.001534799909019617,0.1388152458049421,1.0175438596491229,0.9679370840895342,270.0
con_semilla,21,-0.0018674123424531576,0.14079029738431473,1.0172413793103448,0.9351256575102279,276.0
con_semilla,22,-0.0002174786207716231,0.13913501698753664,1.0175438596491229,0.9679370840895342,282.0
con_semilla,23,0.001885579313777214,0.13994780624530634,1.0,0.9512485136741974,260.0
con_semilla,24,0.0016537982766229933,0.13604869484009166,1.0,0.9512485136741974,266.0
con_semilla,25,-0.0014346582370309093,0.13966330297838603,1.0,0.9849184364419822,270.0
con_semilla,26,0.0011128540168609791,0.13868451520344915,1.0350877192982457,0.951531370799881,274.0
con_semilla,27,0.0023865682886764386,0.13626002985214483,1.0,0.9512485136741974,264.0
con_semilla,28,0.00011530880839582133,0.14171708071515723,1.0,0.9512485136741974,266.0
con_semilla,29,-0.00018961708688986528,0.1389947067287064,1.0175438596491229,0.9679370840895342,270.0
con_semilla,30,-0.001027300688334879,0.13607377432256668,1.0175438596491229,0.9679370840895342,264.0
con_semilla,31,-0.00026554991307707387,0.13731329164420503,1.0172413793103448,0.9351256575102279,274.0
con_semilla,32,7.483091925642352e-05,0.1388242362622252,1.0175438596491229,0.9679370840895342,268.0
con_semilla,33,-0.0018399169531598673,0.13857370940795916,1.0350877192982457,0.951531370799881,266.0
con_semilla,34,0.0025079020396321866,0.13849334493521487,1.0,0.9512485136741974,270.0
con_semilla,35,0.003118347994689235,0.14222251635325986,1.0175438596491229,0.9679370840895342,262.0
con_semilla,36,-0.002975075897108935,0.13621879793624742,1.0350877192982457,0.951531370799881,278.0
con_semilla,37,0.00040499454360740263,0.1384453635785588,1.0,0.9512485136741974,284.0
con_semilla,38,-0.0019687957116310494,0.13516483891415149,1.0172413793103448,0.9351256575102279,274.0
con_semilla,39,-0.001480501226581827,0.13779323309380823,1.0172413793103448,0.9351256575102279,274.0
