condition,run,m2,q4,aspect,compactness,perimeter,n
sin_semilla,0,0.024195788598468895,0.1309295321702895,1.1428571428571428,0.8928571428571429,30.0,50
sin_semilla,0,-0.03515595198240504,0.09662660300422081,1.0,0.8264462809917356,46.0,100
sin_semilla,0,-0.01019697010508013,0.11303660019425256,1.0,0.8888888888888888,68.0,200
sin_semilla,0,-0.00831297524187564,0.12521774612629757,1.0,0.9070294784580499,98.0,400
sin_semilla,0,0.006278111785629472,0.13742009851116269,1.0344827586206897,0.9195402298850575,138.0,800
sin_semilla,0,0.0023733080569475094,0.1406826481586494,1.024390243902439,0.9291521486643438,210.0,1600
sin_semilla,0,-0.0010312178421691659,0.1348382297485727,1.0172413793103448,0.9351256575102279,276.0,3200
sin_semilla,1,0.025119951503443146,0.08433995712715478,1.2857142857142858,0.7936507936507936,32.0,50
sin_semilla,1,-0.005352871040833123,0.09634780196865075,1.0,0.8264462809917356,50.0,100
sin_semilla,1,-0.030395289905857305,0.09282446929649221,1.0,0.8888888888888888,62.0,200
sin_semilla,1,0.006797069927458588,0.14059978791286604,1.0,0.9070294784580499,116.0,400
sin_semilla,1,0.000708880789171889,0.1351838931442429,1.0,0.9512485136741974,142.0,800
sin_semilla,1,-0.005327686122894562,0.1329266247524594,1.0,0.9518143961927424,208.0,1600
sin_semilla,1,0.0024941963690722603,0.13713384316625116,1.0172413793103448,0.9351256575102279,272.0,3200
sin_semilla,2,0.056543097790640505,0.05579773160362182,1.1428571428571428,0.8928571428571429,30.0,50
sin_semilla,2,-0.02492080580780163,0.0983165478013073,1.0,0.8264462809917356,50.0,100
sin_semilla,2,-0.017897381638242893,0.12989276231479277,1.0,0.8888888888888888,70.0,200
sin_semilla,2,-0.012676510555137917,0.12449530721719071,1.0476190476190477,0.8658008658008658,104.0,400
sin_semilla,2,-0.006627827405978955,0.1296029306117408,1.0,0.9512485136741974,140.0,800
sin_semilla,2,0.004021173298257848,0.12873603970233694,1.0,0.9518143961927424,200.0,1600
sin_semilla,2,-0.0023830305043053245,0.13850257615660927,1.0172413793103448,0.9351256575102279,268.0,3200
sin_semilla,3,0.02419578859846886,0.13092953217028958,1.1428571428571428,0.8928571428571429,30.0,50
sin_semilla,3,0.058708319871915736,0.09030880422656129,1.0,0.8264462809917356,50.0,100
sin_semilla,3,0.03666100656187274,0.12673298623281076,1.0666666666666667,0.8333333333333334,70.0,200
sin_semilla,3,0.005980370615765832,0.15705039064869472,1.0,0.9070294784580499,100.0,400
sin_semilla,3,0.00026892831783084935,0.1374444290189707,1.0,0.9512485136741974,144.0,800
sin_semilla,3,-0.00265682644607933,0.13829859454758633,1.0,0.9070294784580499,212.0,1600
sin_semilla,3,0.0035661454324394403,0.13795443788897896,1.0175438596491229,0.9679370840895342,262.0,3200
sin_semilla,4,-0.024195788598468892,0.13092953217028955,1.1428571428571428,0.8928571428571429,30.0,50
sin_semilla,4,-0.044444702600773954,0.08370245152177945,1.0909090909090908,0.7575757575757576,52.0,100
sin_semilla,4,0.005680774182079481,0.10788977728441082,1.0,0.8888888888888888,72.0,200
sin_semilla,4,0.00900068516338317,0.123171321470895,1.0,0.9070294784580499,100.0,400
sin_semilla,4,-0.0072362130548369085,0.12836417541695289,1.0,0.9512485136741974,142.0,800
sin_semilla,4,0.001486696390428299,0.13531480667070186,1.0,0.9518143961927424,216.0,1600
sin_semilla,4,0.0003732848704900482,0.14135033248592435,1.0175438596491229,0.9679370840895342,266.0,3200
sin_semilla,5,-0.035478347214990574,0.09875615643816682,1.0,0.78125,34.0,50
sin_semilla,5,-0.041945676203022905,0.1099182274790817,1.0,0.8264462809917356,46.0,100
sin_semilla,5,0.01130113376732547,0.1270766224841224,1.0,0.8888888888888888,74.0,200
sin_semilla,5,-0.008034802678302465,0.11071432488418895,1.0,0.9070294784580499,96.0,400
sin_semilla,5,-0.0033680573232958205,0.1297347780671814,1.0,0.9512485136741974,136.0,800
sin_semilla,5,0.0014650100308327943,0.14498242042725829,1.0,0.9518143961927424,212.0,1600
sin_semilla,5,-0.00022773651421788887,0.1378055937648211,1.0350877192982457,0.951531370799881,270.0,3200
sin_semilla,6,-0.04908415517791963,0.08567284970011521,1.1428571428571428,0.8928571428571429,30.0,50
sin_semilla,6,0.044146798891396305,0.10739194774519858,1.0909090909090908,0.7575757575757576,46.0,100
sin_semilla,6,0.000608176456610261,0.10037094558540748,1.0,0.8888888888888888,74.0,200
sin_semilla,6,-0.016924788310596278,0.1264856707610621,1.0,0.9070294784580499,96.0,400
sin_semilla,6,0.0015135572917903972,0.1184347859347386,1.0,0.9512485136741974,140.0,800
sin_semilla,6,-0.00015922548935813353,0.14000175079358976,1.0,0.9518143961927424,216.0,1600
sin_semilla,6,0.0013050233615548284,0.13635537013560906,1.0172413793103448,0.9351256575102279,268.0,3200
sin_semilla,7,-0.024195788598468892,0.13092953217028952,1.1428571428571428,0.8928571428571429,30.0,50
sin_semilla,7,-0.06842965614215625,0.11064919052533481,1.0909090909090908,0.7575757575757576,52.0,100
sin_semilla,7,0.004161347133558864,0.1243431987398921,1.0666666666666667,0.8333333333333334,74.0,200
sin_semilla,7,-0.01446927155941991,0.12058073603438185,1.0,0.9070294784580499,104.0,400
sin_semilla,7,-0.0004771972606315969,0.1263593855541874,1.0,0.9512485136741974,132.0,800
sin_semilla,7,0.005316996743533134,0.1386461758801087,1.024390243902439,0.9291521486643438,212.0,1600
sin_semilla,7,-0.00202773710261943,0.1373032809513008,1.0172413793103448,0.9351256575102279,262.0,3200
sin_semilla,8,-0.03553935978839218,0.0973186181400885,1.1428571428571428,0.8928571428571429,30.0,50
sin_semilla,8,0.019679608859509378,0.1117050909230708,1.0,0.8264462809917356,48.0,100
sin_semilla,8,-0.013777300325959347,0.12103670763971419,1.0,0.8888888888888888,66.0,200
sin_semilla,8,-0.010075329587303571,0.13012609581017706,1.0,0.9070294784580499,100.0,400
sin_semilla,8,0.0008218200031347394,0.14096333009059236,1.0,0.8888888888888888,140.0,800
sin_semilla,8,-0.004383651402339564,0.13740918253310325,1.0,0.9070294784580499,204.0,1600
sin_semilla,8,-0.00317440902668522,0.13708469615193572,1.0,0.9849184364419822,260.0,3200
sin_semilla,9,0.006155836539237608,0.11749073995555913,1.0,0.78125,32.0,50
sin_semilla,9,0.041954082095394266,0.10049689898554726,1.0,0.8264462809917356,48.0,100
sin_semilla,9,0.00785059028938319,0.10960174790388427,1.0666666666666667,0.8333333333333334,72.0,200
sin_semilla,9,-0.0005478763813270435,0.1324068785845823,1.0,0.9070294784580499,100.0,400
sin_semilla,9,0.004834459008748312,0.13548104451875206,1.0,0.9512485136741974,140.0,800
sin_semilla,9,0.005888250150710863,0.14436685135497382,1.0,0.9518143961927424,198.0,1600
sin_semilla,9,-0.00037618204042751596,0.1416555564032799,1.0350877192982457,0.951531370799881,270.0,3200
sin_semilla,10,-0.035539359788392184,0.09731861814008852,1.1428571428571428,0.8928571428571429,30.0,50
sin_semilla,10,-0.023658734211321874,0.11834995484335264,1.0,0.8264462809917356,52.0,100
sin_semilla,10,0.01337500944693721,0.1257550190233278,1.0,0.8888888888888888,68.0,200
sin_semilla,10,-0.012815754105567692,0.12145149367368581,1.0476190476190477,0.8658008658008658,96.0,400
sin_semilla,10,0.01035065524134532,0.1355244548773289,1.0,0.9512485136741974,136.0,800
sin_semilla,10,0.007901155076617636,0.14083655012073346,1.0,0.9518143961927424,202.0,1600
sin_semilla,10,0.0009915852202846318,0.13676824387792133,1.0172413793103448,0.9351256575102279,274.0,3200
sin_semilla,11,-0.03520780320341251,0.05100655728167539,1.2857142857142858,0.7936507936507936,32.0,50
sin_semilla,11,-0.04975270631111723,0.12859979402100538,1.0,0.8264462809917356,52.0,100
sin_semilla,11,0.01739054250296592,0.13144725132844368,1.0666666666666667,0.8333333333333334,74.0,200
sin_semilla,11,-0.0034520154676845995,0.14152198736371494,1.0476190476190477,0.8658008658008658,100.0,400
sin_semilla,11,-0.0027495397114070197,0.1279793459048798,1.0,0.9512485136741974,140.0,800
sin_semilla,11,0.0019948586477372306,0.13727365282305415,1.0,0.9518143961927424,216.0,1600
sin_semilla,11,-0.0012565268251796817,0.13888305662677106,1.0175438596491229,0.9679370840895342,270.0,3200
sin_semilla,12,-0.024195788598468895,0.13092953217028952,1.1428571428571428,0.8928571428571429,30.0,50
sin_semilla,12,-0.005016705616004263,0.06732018322883539,1.0,0.8264462809917356,48.0,100
sin_semilla,12,-0.02002346906978281,0.12777175727660722,1.0,0.8888888888888888,72.0,200
sin_semilla,12,0.0011512839566744804,0.1333713393399329,1.0,0.9070294784580499,106.0,400
sin_semilla,12,-0.0009461535537942828,0.12697028856252923,1.0,0.9512485136741974,136.0,800
sin_semilla,12,0.0035151673989479576,0.1396075947372035,1.0,0.9518143961927424,206.0,1600
sin_semilla,12,0.0009957647862126088,0.1412566126704077,1.0,0.9512485136741974,262.0,3200
sin_semilla,13,-6.661338147750939e-18,0.1548267177486031,1.0,0.78125,32.0,50
sin_semilla,13,-0.03649095113680987,0.042200075926131494,1.0,0.8264462809917356,48.0,100
sin_semilla,13,0.02835022726583855,0.1243473055987274,1.0,0.8888888888888888,70.0,200
sin_semilla,13,0.0233760041849606,0.13102948909838127,1.0,0.9070294784580499,98.0,400
sin_semilla,13,-0.0004620692845391874,0.1386387793667475,1.0,0.9512485136741974,138.0,800
sin_semilla,13,-0.000784038954696368,0.13874788390698875,1.024390243902439,0.9291521486643438,204.0,1600
sin_semilla,13,-0.0023121721564957646,0.13840843369530764,1.0,0.9512485136741974,260.0,3200
sin_semilla,14,0.04145842406175784,0.11611907606756262,1.1428571428571428,0.8928571428571429,30.0,50
sin_semilla,14,-0.03901767750445136,0.0791099500500708,1.0,0.8264462809917356,50.0,100
sin_semilla,14,-0.0007206852030265964,0.13964452713108977,1.0,0.8888888888888888,72.0,200
sin_semilla,14,2.690116076481508e-05,0.11440453230807107,1.0,0.9070294784580499,94.0,400
sin_semilla,14,0.011658629745577211,0.14134694130300823,1.0344827586206897,0.9195402298850575,140.0,800
sin_semilla,14,-0.002339698006688,0.1397341951715824,1.024390243902439,0.9291521486643438,214.0,1600
sin_semilla,14,0.0013032523283504451,0.1362423217668754,1.0,0.9192760700948004,266.0,3200
sin_semilla,15,-0.011313817898382574,0.14961504989509208,1.1428571428571428,0.8928571428571429,30.0,50
sin_semilla,15,0.029440526247396043,0.10682370647344727,1.1,0.9090909090909091,46.0,100
sin_semilla,15,0.014368608565885194,0.10394683718387801,1.0,0.8888888888888888,74.0,200
sin_semilla,15,-0.005317136522646018,0.1353005841133184,1.0,0.9070294784580499,106.0,400
sin_semilla,15,-0.002653115253299795,0.13515964193448637,1.0344827586206897,0.9195402298850575,130.0,800
sin_semilla,15,0.0003888308836417165,0.14047560329484693,1.0,0.9518143961927424,216.0,1600
sin_semilla,15,0.0013833650214483447,0.13986219027718544,1.0,0.9512485136741974,266.0,3200
sin_semilla,16,0.05654309779064057,0.05579773160362185,1.1428571428571428,0.8928571428571429,30.0,50
sin_semilla,16,-0.04855215172361275,0.07031182930047036,1.0,0.8264462809917356,48.0,100
sin_semilla,16,-0.002367185154393967,0.11126677217070371,1.0,0.8888888888888888,72.0,200
sin_semilla,16,-0.0012433839822186782,0.1290533546022948,1.0,0.9070294784580499,102.0,400
sin_semilla,16,0.010246574597213995,0.14103116977946586,1.0,0.8888888888888888,144.0,800
sin_semilla,16,0.0073330716773025925,0.1296804624609271,1.0,0.9518143961927424,210.0,1600
sin_semilla,16,-0.00041394126162196815,0.13625752405234468,1.0172413793103448,0.9351256575102279,272.0,3200
sin_semilla,17,-0.03553935978839217,0.0973186181400885,1.1428571428571428,0.8928571428571429,30.0,50
sin_semilla,17,0.01618963812530976,0.08572778947874876,1.0,0.8264462809917356,50.0,100
sin_semilla,17,0.011205068898380974,0.08063052710905028,1.0,0.8888888888888888,68.0,200
sin_semilla,17,0.02147312194023188,0.1295946437370496,1.0476190476190477,0.8658008658008658,102.0,400
sin_semilla,17,0.006006518432163976,0.1340927476243054,1.0,0.9512485136741974,150.0,800
sin_semilla,17,-0.0009863177230485048,0.1389548389549302,1.0,0.9518143961927424,214.0,1600
sin_semilla,17,-0.0011019391565190969,0.14138519928207008,1.0175438596491229,0.9679370840895342,266.0,3200
sin_semilla,18,0.011313817898382518,0.14961504989509208,1.1428571428571428,0.8928571428571429,30.0,50
sin_semilla,18,0.0006197218936864723,0.05986893907098638,1.0,0.8264462809917356,50.0,100
sin_semilla,18,0.008667774638028028,0.10352677664910527,1.0,0.8888888888888888,66.0,200
sin_semilla,18,0.00793878409784621,0.15432259645049165,1.0,0.9070294784580499,104.0,400
sin_semilla,18,-0.005247536232570731,0.1264437230724705,1.0,0.9512485136741974,146.0,800
sin_semilla,18,-0.008622529338095937,0.14073637898356922,1.0,0.9518143961927424,204.0,1600
sin_semilla,18,0.0001414138917744251,0.13952405163945433,1.0,0.9192760700948004,282.0,3200
sin_semilla,19,0.04361251879581908,0.08423681172076229,1.1428571428571428,0.8928571428571429,30.0,50
sin_semilla,19,0.01179190849011349,0.07010922918603661,1.0,0.8264462809917356,48.0,100
sin_semilla,19,0.0006218758640995969,0.07945615248660738,1.0,0.8888888888888888,68.0,200
sin_semilla,19,0.012666749109056484,0.12196258481189143,1.0,0.9070294784580499,106.0,400
sin_semilla,19,-0.0034245973650053273,0.14111779534717683,1.0,0.9512485136741974,138.0,800
sin_semilla,19,-0.0001665933460875149,0.14058437298546533,1.0,0.9518143961927424,204.0,1600
sin_semilla,19,-9.757391590781678e-05,0.1434248513236726,1.0,0.9512485136741974,266.0,3200
sin_semilla,20,0.04538280461593576,0.06428233113373705,1.0,0.78125,34.0,50
sin_semilla,20,0.04637155433324883,0.07903832163998216,1.0,0.8264462809917356,46.0,100
sin_semilla,20,-0.009704592945552242,0.14419598925899763,1.0,0.8888888888888888,66.0,200
sin_semilla,20,0.021221890102944344,0.148839212240104,1.0476190476190477,0.8658008658008658,112.0,400
sin_semilla,20,-0.0057513390731182765,0.1439742876567434,1.0,0.9512485136741974,144.0,800
sin_semilla,20,-0.005051158130488169,0.14080083302836774,1.0,0.9518143961927424,214.0,1600
sin_semilla,20,0.001270491843831372,0.14098649642722993,1.0175438596491229,0.9679370840895342,270.0,3200
sin_semilla,21,0.03553935978839214,0.09731861814008848,1.1428571428571428,0.8928571428571429,30.0,50
sin_semilla,21,-0.020715726611299806,0.0881908506205303,1.0,0.8264462809917356,50.0,100
sin_semilla,21,0.0044602022100194835,0.11382450388809916,1.0,0.8888888888888888,72.0,200
sin_semilla,21,0.009957364128790112,0.11983839872429246,1.0,0.9070294784580499,98.0,400
sin_semilla,21,0.0042812731730823336,0.1393254112514805,1.0,0.9512485136741974,142.0,800
sin_semilla,21,0.004559913570347273,0.1360671731640588,1.024390243902439,0.9291521486643438,204.0,1600
sin_semilla,21,-0.0007139083904902912,0.14005359560304678,1.0175438596491229,0.9679370840895342,262.0,3200
sin_semilla,22,0.041458424061757794,0.1161190760675626,1.1428571428571428,0.8928571428571429,30.0,50
sin_semilla,22,0.008261524962286146,0.05299311061517367,1.0909090909090908,0.7575757575757576,50.0,100
sin_semilla,22,0.014327484459982505,0.13203029551380022,1.0,0.8888888888888888,74.0,200
sin_semilla,22,-0.013898549948266184,0.12493542107670225,1.0,0.9070294784580499,108.0,400
sin_semilla,22,0.0030688210549439736,0.13203951844802392,1.0344827586206897,0.9195402298850575,142.0,800
sin_semilla,22,0.001485256382788088,0.13931941582444798,1.0,0.9518143961927424,208.0,1600
sin_semilla,22,-0.0003904574400234795,0.13850083101839125,1.0175438596491229,0.9679370840895342,274.0,3200
sin_semilla,23,-0.045175921952089394,0.08251186094324946,1.2857142857142858,0.7936507936507936,32.0,50
sin_semilla,23,0.01240900334362763,0.03367913669686553,1.0,0.8264462809917356,52.0,100
sin_semilla,23,-0.010373934048499754,0.10313757852202893,1.0,0.8888888888888888,64.0,200
sin_semilla,23,0.005050192622768259,0.1294912747482652,1.0,0.9070294784580499,104.0,400
sin_semilla,23,0.006401246581013431,0.13500304412525382,1.0,0.9512485136741974,142.0,800
sin_semilla,23,0.006997198813826187,0.1373178488142503,1.024390243902439,0.9291521486643438,208.0,1600
sin_semilla,23,-0.0021305950791805006,0.138916231524575,1.0175438596491229,0.9679370840895342,258.0,3200
sin_semilla,24,0.029326524122158543,0.09179417641953026,1.0,0.78125,32.0,50
sin_semilla,24,0.017022194211438486,0.11730258697298955,1.0,0.8264462809917356,48.0,100
sin_semilla,24,0.0028434773148359473,0.1017610701484542,1.0,0.8888888888888888,68.0,200
sin_semilla,24,0.015632603597732043,0.11597254373729883,1.0,0.9070294784580499,104.0,400
sin_semilla,24,0.004576706590766044,0.13969034765721736,1.0344827586206897,0.9195402298850575,138.0,800
sin_semilla,24,-0.0038282057655724343,0.14062710973243955,1.0,0.9518143961927424,206.0,1600
sin_semilla,24,0.002460940426347135,0.13558128766765407,1.0350877192982457,0.951531370799881,272.0,3200
sin_semilla,25,-0.01131381789838256,0.14961504989509206,1.1428571428571428,0.8928571428571429,30.0,50
sin_semilla,25,0.014280209988114159,0.07745982928600122,1.0,0.8264462809917356,48.0,100
sin_semilla,25,0.024266355960654868,0.09600472908511831,1.0,0.8888888888888888,68.0,200
sin_semilla,25,0.008519940820572548,0.14602866877839304,1.0,0.9070294784580499,104.0,400
sin_semilla,25,0.0008035008755794431,0.13519490777960558,1.0344827586206897,0.9195402298850575,134.0,800
sin_semilla,25,-0.00603110597535779,0.13033920825193956,1.024390243902439,0.9291521486643438,204.0,1600
sin_semilla,25,-3.009356468833907e-05,0.13719237242841678,1.0175438596491229,0.9679370840895342,268.0,3200
sin_semilla,26,0.00810058045389593,0.09127776635539694,1.0,0.78125,32.0,50
sin_semilla,26,-0.013002367510958544,0.06433833747131215,1.0,0.8264462809917356,48.0,100
sin_semilla,26,-0.020180568005147753,0.10228853835167953,1.0666666666666667,0.8333333333333334,72.0,200
sin_semilla,26,-0.016938462771104956,0.11728443888198851,1.0,0.9070294784580499,106.0,400
sin_semilla,26,0.0028315337390552313,0.121917162205429,1.0,0.8888888888888888,138.0,800
sin_semilla,26,0.0004709970351410875,0.13582954884730358,1.0,0.9518143961927424,218.0,1600
sin_semilla,26,-0.002176168368649824,0.14002461291241947,1.0172413793103448,0.9351256575102279,278.0,3200
sin_semilla,27,-0.06616509616585929,0.04597325967260404,1.2857142857142858,0.7936507936507936,32.0,50
sin_semilla,27,-0.04253265967340361,0.11330705993182195,1.0,0.8264462809917356,52.0,100
sin_semilla,27,0.0234604656233206,0.1148030279049287,1.0,0.8888888888888888,62.0,200
sin_semilla,27,-0.0014476565218632831,0.1289530632193882,1.0,0.9070294784580499,104.0,400
sin_semilla,27,0.00891296143412864,0.13059942057658838,1.0689655172413792,0.8898776418242491,142.0,800
sin_semilla,27,0.0006524101244015729,0.13507686448137268,1.0,0.9518143961927424,206.0,1600
sin_semilla,27,-0.0031418438058306896,0.13983555939772419,1.0350877192982457,0.951531370799881,276.0,3200
sin_semilla,28,0.035539359788392184,0.09731861814008846,1.1428571428571428,0.8928571428571429,30.0,50
sin_semilla,28,-0.03501630652685171,0.10903071017399653,1.1,0.9090909090909091,46.0,100
sin_semilla,28,-0.014562724761166499,0.09337722785141919,1.0,0.8888888888888888,70.0,200
sin_semilla,28,-0.008903421348951708,0.1267606558745627,1.0,0.9070294784580499,104.0,400
sin_semilla,28,0.0061763034202237665,0.14165858273372237,1.0344827586206897,0.9195402298850575,142.0,800
sin_semilla,28,0.004265921219727303,0.14678705307317383,1.024390243902439,0.9291521486643438,216.0,1600
sin_semilla,28,-0.0019692502848616808,0.14287284917945078,1.0,0.9849184364419822,274.0,3200
sin_semilla,29,0.025265906291275807,0.120103116424165,1.0,0.78125,32.0,50
sin_semilla,29,0.04738112929542585,0.13553911290602919,1.0,0.8264462809917356,50.0,100
sin_semilla,29,0.019475827763917323,0.09546778186095198,1.0,0.8888888888888888,66.0,200
sin_semilla,29,0.012232657276540548,0.10502228108243619,1.0952380952380953,0.8281573498964804,102.0,400
sin_semilla,29,0.010496385835041491,0.1308099880896035,1.0333333333333334,0.8602150537634409,148.0,800
sin_semilla,29,-0.006622058606942867,0.13548276171594356,1.024390243902439,0.9291521486643438,212.0,1600
sin_semilla,29,-0.0011029264148143436,0.1377400676050002,1.0172413793103448,0.9351256575102279,266.0,3200
sin_semilla,30,-0.005104328499239958,0.12289909461872162,1.0,0.78125,32.0,50
sin_semilla,30,-0.011266850563106667,0.11569116911369244,1.0,0.8264462809917356,48.0,100
sin_semilla,30,-0.0026327887396260306,0.10920917618191871,1.0,0.8888888888888888,70.0,200
sin_semilla,30,0.014049733016700282,0.14160945113200138,1.0,0.9070294784580499,106.0,400
sin_semilla,30,0.004041181486767833,0.13383988830354765,1.0,0.9512485136741974,138.0,800
sin_semilla,30,0.005398784732091463,0.14170598311249194,1.024390243902439,0.9291521486643438,216.0,1600
sin_semilla,30,0.0004409853894049975,0.1384809466201841,1.0175438596491229,0.9679370840895342,266.0,3200
sin_semilla,31,-0.024195788598468878,0.13092953217028958,1.1428571428571428,0.8928571428571429,30.0,50
sin_semilla,31,-0.02293719445780209,0.01433301958505965,1.0,0.8264462809917356,46.0,100
sin_semilla,31,0.012634105943786984,0.14655753972514723,1.0666666666666667,0.8333333333333334,72.0,200
sin_semilla,31,0.011774546999654413,0.12110801470585583,1.0,0.9070294784580499,98.0,400
sin_semilla,31,-0.004557402202765175,0.1347083126494783,1.0,0.9512485136741974,134.0,800
sin_semilla,31,-0.004058429264691559,0.1335701435723112,1.0,0.9518143961927424,208.0,1600
sin_semilla,31,-0.0047427699973406215,0.14061690305302899,1.0175438596491229,0.9679370840895342,272.0,3200
sin_semilla,32,0.018072495054311914,0.09949123497260721,1.0,0.78125,32.0,50
sin_semilla,32,0.02686521661765118,0.08764076114276918,1.0,0.8264462809917356,48.0,100
sin_semilla,32,0.00673255043760751,0.13255753358453326,1.0,0.8888888888888888,74.0,200
sin_semilla,32,0.006339741000079693,0.11705281128134368,1.0,0.9070294784580499,100.0,400
sin_semilla,32,0.0040938065217512335,0.132179197316554,1.0689655172413792,0.8898776418242491,144.0,800
sin_semilla,32,-0.003008001538841759,0.13873403706451432,1.024390243902439,0.9291521486643438,210.0,1600
sin_semilla,32,-0.0019288638452210852,0.13553050322104343,1.0350877192982457,0.951531370799881,258.0,3200
sin_semilla,33,0.023018133282640955,0.09082588422639752,1.2857142857142858,0.7936507936507936,32.0,50
sin_semilla,33,0.01134078897078563,0.11968975634673505,1.0,0.8264462809917356,50.0,100
sin_semilla,33,0.021893646540971097,0.111486696201851,1.0,0.8888888888888888,66.0,200
sin_semilla,33,0.0031869011565006833,0.12723180853524735,1.0,0.9070294784580499,110.0,400
sin_semilla,33,-0.0050991168182059786,0.14449322353911587,1.0,0.9512485136741974,144.0,800
sin_semilla,33,-0.0007607250033922924,0.1373911523624034,1.024390243902439,0.9291521486643438,202.0,1600
sin_semilla,33,0.000881704100317019,0.13796946666989696,1.0172413793103448,0.9351256575102279,280.0,3200
sin_semilla,34,0.030569329773441734,0.04589337797951231,1.0,0.78125,34.0,50
sin_semilla,34,-0.0415386510696255,0.03839265196670619,1.0,0.8264462809917356,48.0,100
sin_semilla,34,-0.005232683239501652,0.08242137270018805,1.0,0.8888888888888888,70.0,200
sin_semilla,34,0.0038147204286566637,0.12056215782999362,1.0,0.9070294784580499,100.0,400
sin_semilla,34,-0.0016287876397451967,0.12183494244875266,1.0344827586206897,0.9195402298850575,138.0,800
sin_semilla,34,-0.002530235012701425,0.14253608814290183,1.024390243902439,0.9291521486643438,200.0,1600
sin_semilla,34,9.741389384419042e-05,0.14220338405461846,1.0,0.9849184364419822,274.0,3200
sin_semilla,35,0.06071976579494982,0.05122266955432213,1.2857142857142858,0.7936507936507936,34.0,50
sin_semilla,35,0.03064839960788349,0.1041609092537628,1.0,0.8264462809917356,46.0,100
sin_semilla,35,0.010312964742578132,0.10417278268555287,1.0666666666666667,0.8333333333333334,70.0,200
sin_semilla,35,0.004265469181367487,0.12186999522209778,1.0476190476190477,0.8658008658008658,104.0,400
sin_semilla,35,0.00902860763603823,0.1386279608289864,1.0344827586206897,0.9195402298850575,146.0,800
sin_semilla,35,0.0026591175429179627,0.14208604202951106,1.0,0.9518143961927424,206.0,1600
sin_semilla,35,0.0021964555046999575,0.14319316969305884,1.0,0.9192760700948004,280.0,3200
sin_semilla,36,-0.014382325631546854,0.06697213108133115,1.0,0.78125,32.0,50
sin_semilla,36,-0.008326751132254912,0.12836718950915216,1.0,0.8264462809917356,52.0,100
sin_semilla,36,-0.002229164190835551,0.11104486078710175,1.0,0.8888888888888888,68.0,200
sin_semilla,36,-0.01368275107032078,0.13358660587998944,1.0,0.9070294784580499,98.0,400
sin_semilla,36,-0.007783804278032151,0.13805682037727524,1.0344827586206897,0.9195402298850575,138.0,800
sin_semilla,36,0.0017967576888265732,0.135696206083368,1.0,0.9518143961927424,212.0,1600
sin_semilla,36,0.0007099396225531346,0.13413430516438601,1.0175438596491229,0.9679370840895342,262.0,3200
sin_semilla,37,0.023377199827850567,0.09736055604406123,1.2857142857142858,0.7936507936507936,32.0,50
sin_semilla,37,0.016886055419606943,0.0821599549333865,1.0,0.8264462809917356,44.0,100
sin_semilla,37,0.02238118484547896,0.11838394207973425,1.0,0.8888888888888888,70.0,200
sin_semilla,37,-0.005044676987186152,0.1337891770440832,1.0,0.9070294784580499,106.0,400
sin_semilla,37,-0.0035072071556040505,0.12181934968768533,1.0,0.9512485136741974,136.0,800
sin_semilla,37,0.008684109029562617,0.1358307724597377,1.0,0.9518143961927424,222.0,1600
sin_semilla,37,0.004239737217210631,0.14045790308482958,1.0350877192982457,0.951531370799881,266.0,3200
sin_semilla,38,0.03553935978839217,0.09731861814008846,1.1428571428571428,0.8928571428571429,30.0,50
sin_semilla,38,0.022504147642029397,0.1284922074537007,1.0,0.8264462809917356,46.0,100
sin_semilla,38,-0.015195714223897061,0.08319258806948644,1.0,0.8888888888888888,70.0,200
sin_semilla,38,0.028632041048637723,0.131812587439154,1.0,0.9070294784580499,96.0,400
sin_semilla,38,-0.00591805178595419,0.13204690030162092,1.0,0.8888888888888888,154.0,800
sin_semilla,38,0.004902295463244211,0.1405781465428736,1.0,0.9518143961927424,204.0,1600
sin_semilla,38,0.0035773022437904406,0.13717873762025942,1.0175438596491229,0.9679370840895342,260.0,3200
sin_semilla,39,0.04499089316862023,0.07816765185360443,1.1428571428571428,0.8928571428571429,32.0,50
sin_semilla,39,-0.009800574760995577,0.03797120975765224,1.0,0.8264462809917356,46.0,100
sin_semilla,39,-0.020487977574858297,0.10720323171957372,1.0,0.8888888888888888,68.0,200
sin_semilla,39,0.008589234637395833,0.1325582240437319,1.0,0.9070294784580499,110.0,400
sin_semilla,39,-0.01021058113955991,0.13276248652487127,1.0,0.9512485136741974,136.0,800
sin_semilla,39,0.00040923762550986896,0.14089419929927294,1.024390243902439,0.9291521486643438,212.0,1600
sin_semilla,39,0.0012187927753757365,0.13803073402512306,1.0172413793103448,0.9351256575102279,276.0,3200
con_semilla,0,0.7085172630729182,0.2089974722871704,2.6,0.7692307692307693,44.0,50
con_semilla,0,0.622695561375228,0.08409242245276718,1.8888888888888888,0.6535947712418301,66.0,100
con_semilla,0,0.3571954896586945,0.10073723204343815,1.5384615384615385,0.7692307692307693,78.0,200
con_semilla,0,0.14708105333316313,0.11690121753116858,1.263157894736842,0.8771929824561403,94.0,400
con_semilla,0,0.029051066278466164,0.13444035245467814,1.0689655172413792,0.8898776418242491,138.0,800
con_semilla,0,-0.0009324718824710665,0.12897907187788193,1.024390243902439,0.9291521486643438,208.0,1600
con_semilla,0,-0.0010922281908273624,0.1401278695354308,1.0175438596491229,0.9679370840895342,280.0,3200
con_semilla,1,0.7078617544055021,0.2103574341068762,2.6,0.7692307692307693,44.0,50
con_semilla,1,0.6420855843715172,0.09727442502681932,1.8888888888888888,0.6535947712418301,64.0,100
con_semilla,1,0.3724702613622449,0.060395405830991025,1.5,0.6802721088435374,82.0,200
con_semilla,1,0.15008099450679857,0.11457853307001291,1.25,0.8,96.0,400
con_semilla,1,0.02976963492095812,0.13535856282609363,1.0689655172413792,0.8898776418242491,146.0,800
con_semilla,1,0.004260665257371836,0.1421477281722372,1.0,0.9518143961927424,210.0,1600
con_semilla,1,0.00041767378469731637,0.13856829514086447,1.0175438596491229,0.9679370840895342,266.0,3200
con_semilla,2,0.727857393292175,0.2527088232024351,2.8,0.7142857142857143,46.0,50
con_semilla,2,0.6326493266978472,0.09544670989142569,1.8888888888888888,0.6535947712418301,68.0,100
con_semilla,2,0.3665737250710754,0.06933544641281601,1.6153846153846154,0.7326007326007326,78.0,200
con_semilla,2,0.1531730744809985,0.12193538477418062,1.263157894736842,0.8771929824561403,92.0,400
con_semilla,2,0.03946760644533574,0.1366423142027233,1.0689655172413792,0.8898776418242491,144.0,800
con_semilla,2,0.011703842553846593,0.1336869783518793,1.024390243902439,0.9291521486643438,202.0,1600
con_semilla,2,-0.0019218125178691807,0.13931531159183327,1.0175438596491229,0.9679370840895342,264.0,3200
con_semilla,3,0.7078615866491365,0.21003842741585693,2.6,0.7692307692307693,44.0,50
con_semilla,3,0.6367045658106906,0.06570921114915698,1.8888888888888888,0.6535947712418301,66.0,100
con_semilla,3,0.3745420915937751,0.07228236389451466,1.5,0.6802721088435374,82.0,200
con_semilla,3,0.14381165913411859,0.11035678397918809,1.263157894736842,0.8771929824561403,94.0,400
con_semilla,3,0.028114118284228485,0.13229314042929588,1.0344827586206897,0.9195402298850575,132.0,800
con_semilla,3,0.002579910593328466,0.13773021303427035,1.0,0.9518143961927424,216.0,1600
con_semilla,3,0.001561705842359092,0.13816505946108532,1.0350877192982457,0.951531370799881,272.0,3200
con_semilla,4,0.747388739479962,0.2915569985624992,2.8,0.7142857142857143,46.0,50
con_semilla,4,0.6424972050671219,0.09283297480633829,2.0,0.6172839506172839,72.0,100
con_semilla,4,0.3578388509506928,0.07607843502208736,1.6153846153846154,0.7326007326007326,80.0,200
con_semilla,4,0.14396483848991043,0.12289426129982772,1.2,0.8333333333333334,94.0,400
con_semilla,4,0.030035970352222878,0.13137709648786286,1.0344827586206897,0.9195402298850575,128.0,800
con_semilla,4,-0.002293147627446063,0.14607368849004382,1.024390243902439,0.9291521486643438,210.0,1600
con_semilla,4,-0.0012379828356126846,0.13846973786785585,1.0,0.9512485136741974,276.0,3200
con_semilla,5,0.6904914506513496,0.21716505235088382,2.3333333333333335,0.5952380952380952,48.0,50
con_semilla,5,0.6365525949256631,0.060762615229932794,1.8888888888888888,0.6535947712418301,70.0,100
con_semilla,5,0.3541108403929784,0.07084327116483904,1.6153846153846154,0.7326007326007326,80.0,200
con_semilla,5,0.15167703320178672,0.12128169032201544,1.263157894736842,0.8771929824561403,96.0,400
con_semilla,5,0.027264412166309985,0.13265725312224586,1.0689655172413792,0.8898776418242491,136.0,800
con_semilla,5,-0.002453520124502481,0.14349914068778188,1.024390243902439,0.9291521486643438,216.0,1600
con_semilla,5,-0.0024793509850877153,0.14010390959719188,1.0175438596491229,0.9679370840895342,274.0,3200
con_semilla,6,0.6912638007568872,0.25778300142875027,2.8,0.7142857142857143,46.0,50
con_semilla,6,0.5914339963336707,0.054106122750235214,1.8888888888888888,0.6535947712418301,70.0,100
con_semilla,6,0.3766464310315424,0.08457873237152747,1.5,0.6802721088435374,86.0,200
con_semilla,6,0.14770857991829292,0.11214011233687662,1.3157894736842106,0.8421052631578947,92.0,400
con_semilla,6,0.03293757720654245,0.14581561307199334,1.0344827586206897,0.9195402298850575,136.0,800
con_semilla,6,0.004053374617234763,0.1365819263625394,1.0,0.9518143961927424,206.0,1600
con_semilla,6,0.001395091345767015,0.13883608866970246,1.0175438596491229,0.9679370840895342,266.0,3200
con_semilla,7,0.7085172630729182,0.20899747228717036,2.6,0.7692307692307693,44.0,50
con_semilla,7,0.5983321053677702,0.02934925543048918,1.8888888888888888,0.6535947712418301,68.0,100
con_semilla,7,0.3606159839706368,0.0748366641817149,1.5384615384615385,0.7692307692307693,80.0,200
con_semilla,7,0.13379966653514436,0.12235748215673574,1.15,0.8695652173913043,92.0,400
con_semilla,7,0.03412395826853194,0.13640059618639566,1.0689655172413792,0.8898776418242491,140.0,800
con_semilla,7,-0.0004048551410296397,0.13516909051472287,1.024390243902439,0.9291521486643438,200.0,1600
con_semilla,7,-0.0019662798563343585,0.1477490837506787,1.0,0.9192760700948004,276.0,3200
con_semilla,8,0.747388739479962,0.29155699856249917,2.8,0.7142857142857143,46.0,50
con_semilla,8,0.628322727541408,0.050354994864021424,1.8888888888888888,0.6535947712418301,68.0,100
con_semilla,8,0.3488950143998998,0.08134863671581997,1.6153846153846154,0.7326007326007326,80.0,200
con_semilla,8,0.14513285362724082,0.11572202781978905,1.3157894736842106,0.8421052631578947,94.0,400
con_semilla,8,0.03429445773483495,0.13128823696111183,1.0689655172413792,0.8898776418242491,138.0,800
con_semilla,8,0.00028467333946140315,0.1393488962133954,1.0,0.9518143961927424,202.0,1600
con_semilla,8,0.002152539372469376,0.14028935251625985,1.0,0.9192760700948004,276.0,3200
con_semilla,9,0.7492004300640221,0.2953683269360968,2.8,0.7142857142857143,48.0,50
con_semilla,9,0.6445424494628561,0.0791264046205863,1.8888888888888888,0.6535947712418301,66.0,100
con_semilla,9,0.3773367428784081,0.07016287266657803,1.6153846153846154,0.7326007326007326,84.0,200
con_semilla,9,0.13958021135103282,0.12725556524219034,1.15,0.8695652173913043,92.0,400
con_semilla,9,0.0367692912428698,0.14433041098803134,1.0689655172413792,0.8898776418242491,138.0,800
con_semilla,9,-0.004520386329357143,0.13382393975760928,1.0,0.9518143961927424,202.0,1600
con_semilla,9,-0.0021161327691037487,0.13950196170263396,1.0175438596491229,0.9679370840895342,272.0,3200
con_semilla,10,0.682680320956355,0.20682812080829785,2.6,0.7692307692307693,44.0,50
con_semilla,10,0.6351165807657786,0.059923245572766355,2.0,0.6172839506172839,70.0,100
con_semilla,10,0.3607253416773007,0.08174120040400097,1.4285714285714286,0.7142857142857143,80.0,200
con_semilla,10,0.14984314546423425,0.12244171765619474,1.263157894736842,0.8771929824561403,92.0,400
con_semilla,10,0.0339646845229282,0.13490068086383575,1.0689655172413792,0.8898776418242491,136.0,800
con_semilla,10,0.008191603995337143,0.1383622910158533,1.0238095238095237,0.8859357696566998,212.0,1600
con_semilla,10,-0.003020586647129158,0.13892904800389436,1.0175438596491229,0.9679370840895342,270.0,3200
con_semilla,11,0.7224444068819612,0.25615468713493555,2.3333333333333335,0.5952380952380952,48.0,50
con_semilla,11,0.6103419903085586,0.0713361541347863,1.8888888888888888,0.6535947712418301,64.0,100
con_semilla,11,0.35413193409710103,0.06831552299563737,1.6153846153846154,0.7326007326007326,78.0,200
con_semilla,11,0.14322324696031719,0.11652376202520845,1.263157894736842,0.8771929824561403,94.0,400
con_semilla,11,0.03188550598051364,0.12949059818111336,1.0689655172413792,0.8898776418242491,142.0,800
con_semilla,11,0.002582973746205493,0.1331479396575637,1.0,0.9518143961927424,198.0,1600
con_semilla,11,0.003549394805506064,0.1415143856176977,1.0175438596491229,0.9679370840895342,268.0,3200
con_semilla,12,0.6979730173061222,0.21940333371016627,2.6,0.7692307692307693,44.0,50
con_semilla,12,0.5993074995565518,0.0663769212314578,1.8888888888888888,0.6535947712418301,66.0,100
con_semilla,12,0.3449030503345091,0.05783384161598125,1.5384615384615385,0.7692307692307693,76.0,200
con_semilla,12,0.1415498975693273,0.12350078626080639,1.15,0.8695652173913043,96.0,400
con_semilla,12,0.024499502904183172,0.13279252327422542,1.0344827586206897,0.9195402298850575,136.0,800
con_semilla,12,-0.0005493956240058983,0.13713484567428827,1.0,0.9518143961927424,206.0,1600
con_semilla,12,-0.0003392185977428876,0.1376169840442538,1.0172413793103448,0.9351256575102279,284.0,3200
con_semilla,13,0.747388739479962,0.29155699856249934,2.8,0.7142857142857143,46.0,50
con_semilla,13,0.614366668104778,0.05910744470931161,1.8888888888888888,0.6535947712418301,66.0,100
con_semilla,13,0.3645591142867277,0.05311574669789861,1.6153846153846154,0.7326007326007326,82.0,200
con_semilla,13,0.15537717840098,0.1297025743703012,1.1428571428571428,0.7936507936507936,96.0,400
con_semilla,13,0.03202478467408264,0.13110469318374177,1.0689655172413792,0.8898776418242491,134.0,800
con_semilla,13,0.00617957199671358,0.13953792319059052,1.024390243902439,0.9291521486643438,198.0,1600
con_semilla,13,0.0030491431765974665,0.1403299857519688,1.0,0.9512485136741974,278.0,3200
con_semilla,14,0.7207327861381985,0.2578941902109658,2.6,0.7692307692307693,44.0,50
con_semilla,14,0.6157363411613248,0.08633049299892413,1.8888888888888888,0.6535947712418301,62.0,100
con_semilla,14,0.38199957925890105,0.06819222782570002,1.6153846153846154,0.7326007326007326,86.0,200
con_semilla,14,0.1398585520371243,0.12522451225894074,1.15,0.8695652173913043,92.0,400
con_semilla,14,0.035298060502301956,0.14256606443988373,1.0344827586206897,0.9195402298850575,130.0,800
con_semilla,14,0.0028583090111432424,0.13202068712012988,1.024390243902439,0.9291521486643438,210.0,1600
con_semilla,14,0.0007263469449833213,0.13784102893729916,1.0,0.9512485136741974,270.0,3200
con_semilla,15,0.7395830889325242,0.2644628030377666,2.6,0.7692307692307693,44.0,50
con_semilla,15,0.6144835860114513,0.07037402996247903,1.8888888888888888,0.6535947712418301,64.0,100
con_semilla,15,0.3614321463098383,0.08348362549316979,1.6153846153846154,0.7326007326007326,80.0,200
con_semilla,15,0.14027739522088237,0.11448621665845077,1.3157894736842106,0.8421052631578947,94.0,400
con_semilla,15,0.026570056827861874,0.1256970811113355,1.0689655172413792,0.8898776418242491,136.0,800
con_semilla,15,0.008371512656952454,0.13666976261182484,1.024390243902439,0.9291521486643438,204.0,1600
con_semilla,15,0.0008916910203407149,0.1437307762759054,1.0172413793103448,0.9351256575102279,268.0,3200
con_semilla,16,0.6911812060767961,0.19092590144725713,2.6,0.7692307692307693,44.0,50
con_semilla,16,0.6041099911080982,0.06130668732996405,1.8888888888888888,0.6535947712418301,66.0,100
con_semilla,16,0.3793802729289471,0.08218992739802095,1.5,0.6802721088435374,86.0,200
con_semilla,16,0.14276988412106872,0.12011491386995181,1.25,0.8,102.0,400
con_semilla,16,0.03139521965401231,0.1334008355780774,1.0689655172413792,0.8898776418242491,136.0,800
con_semilla,16,0.004530255558574109,0.13990824891817547,1.024390243902439,0.9291521486643438,212.0,1600
con_semilla,16,0.001585505286793602,0.13576194775630757,1.0172413793103448,0.9351256575102279,276.0,3200
con_semilla,17,0.708517263072918,0.2089974722871703,2.6,0.7692307692307693,44.0,50
con_semilla,17,0.638545669755132,0.12142131284991625,2.0,0.6172839506172839,70.0,100
con_semilla,17,0.34211327371539146,0.0705345407283155,1.4285714285714286,0.7142857142857143,78.0,200
con_semilla,17,0.14909742736604414,0.1217315279663581,1.25,0.8,98.0,400
con_semilla,17,0.03094519890229575,0.1309369508456456,1.0689655172413792,0.8898776418242491,138.0,800
con_semilla,17,0.004804866770799399,0.1373903235179049,1.0,0.9518143961927424,204.0,1600
con_semilla,17,0.0011246166811162395,0.13937133677879088,1.0172413793103448,0.9351256575102279,278.0,3200
con_semilla,18,0.7060151710537452,0.22476169798357673,2.6,0.7692307692307693,44.0,50
con_semilla,18,0.6248219285249722,0.0484566347879738,2.0,0.6172839506172839,70.0,100
con_semilla,18,0.3338567543860006,0.07409386589935751,1.5384615384615385,0.7692307692307693,76.0,200
con_semilla,18,0.13788235626236742,0.1164783319168781,1.2,0.8333333333333334,94.0,400
con_semilla,18,0.03181604410935437,0.13820226901103416,1.0344827586206897,0.9195402298850575,140.0,800
con_semilla,18,-0.004788774089578397,0.1425155554248504,1.0,0.9518143961927424,208.0,1600
con_semilla,18,-0.0016023900953596466,0.13728638430376847,1.0,0.9512485136741974,258.0,3200
con_semilla,19,0.7085172630729182,0.20899747228717036,2.6,0.7692307692307693,44.0,50
con_semilla,19,0.6475368081427186,0.0855491497063488,1.8888888888888888,0.6535947712418301,66.0,100
con_semilla,19,0.3789581287697769,0.04510953533617289,1.6153846153846154,0.7326007326007326,78.0,200
con_semilla,19,0.14912370232977376,0.11605332026677151,1.25,0.8,98.0,400
con_semilla,19,0.03370489234542809,0.13670189173589334,1.0689655172413792,0.8898776418242491,142.0,800
con_semilla,19,-0.006790352194515262,0.13589290036428753,1.024390243902439,0.9291521486643438,208.0,1600
con_semilla,19,0.0029939742177178177,0.14033840929297567,1.0175438596491229,0.9679370840895342,270.0,3200
con_semilla,20,0.7360615148130628,0.2868445730235437,2.6,0.7692307692307693,44.0,50
con_semilla,20,0.6144131139409862,0.036504131191219785,1.8888888888888888,0.6535947712418301,68.0,100
con_semilla,20,0.38020097935757846,0.07220070096157095,1.5384615384615385,0.7692307692307693,78.0,200
con_semilla,20,0.15536266899802562,0.11630887914799962,1.3157894736842106,0.8421052631578947,98.0,400
con_semilla,20,0.03126927824632328,0.1283783396575795,1.0689655172413792,0.8898776418242491,130.0,800
con_semilla,20,0.007638100066980183,0.13703368395204168,1.0,0.9518143961927424,196.0,1600
con_semilla,20,0.001534799909019617,0.1388152458049421,1.0175438596491229,0.9679370840895342,270.0,3200
con_semilla,21,0.712739860894131,0.2374918002744292,2.8,0.7142857142857143,46.0,50
con_semilla,21,0.630027566281805,0.11694025242129273,1.8888888888888888,0.6535947712418301,62.0,100
con_semilla,21,0.3796377334134724,0.04696791944335798,1.6153846153846154,0.7326007326007326,78.0,200
con_semilla,21,0.14177699899382604,0.1127707263901131,1.3157894736842106,0.8421052631578947,98.0,400
con_semilla,21,0.03365885208207011,0.13859552738002318,1.0689655172413792,0.8898776418242491,138.0,800
con_semilla,21,0.006134842558681197,0.13813434475310146,1.0,0.9518143961927424,214.0,1600
con_semilla,21,-0.0018674123424531576,0.14079029738431473,1.0172413793103448,0.9351256575102279,276.0,3200
con_semilla,22,0.6821979293457161,0.18295426001054862,2.6,0.7692307692307693,44.0,50
con_semilla,22,0.6355513974897686,0.06617778428264719,1.8888888888888888,0.6535947712418301,68.0,100
con_semilla,22,0.36014557574248923,0.04111524595979222,1.5384615384615385,0.7692307692307693,76.0,200
con_semilla,22,0.15217792268737587,0.11579741724210321,1.3157894736842106,0.8421052631578947,96.0,400
con_semilla,22,0.03110332130989756,0.1411104620593593,1.0689655172413792,0.8898776418242491,134.0,800
con_semilla,22,0.002160379106050725,0.13517524260653402,1.0,0.9518143961927424,200.0,1600
con_semilla,22,-0.0002174786207716231,0.13913501698753664,1.0175438596491229,0.9679370840895342,282.0,3200
con_semilla,23,0.6934656548928885,0.17508042608297583,2.6,0.7692307692307693,44.0,50
con_semilla,23,0.624445713582591,0.08074278446682293,1.8888888888888888,0.6535947712418301,66.0,100
con_semilla,23,0.36092651593440017,0.07921783549778337,1.5,0.6802721088435374,84.0,200
con_semilla,23,0.1435151229731311,0.11928081831133105,1.25,0.8,98.0,400
con_semilla,23,0.0276921863272893,0.12981589636416943,1.0689655172413792,0.8898776418242491,138.0,800
con_semilla,23,0.00750778086819749,0.14047787083281582,1.0,0.9518143961927424,206.0,1600
con_semilla,23,0.001885579313777214,0.13994780624530634,1.0,0.9512485136741974,260.0,3200
con_semilla,24,0.716746103693116,0.24877820851958254,2.6,0.7692307692307693,44.0,50
con_semilla,24,0.6257196260456025,0.04193781197072193,1.8888888888888888,0.6535947712418301,68.0,100
con_semilla,24,0.35491969131139833,0.0693763565997499,1.6153846153846154,0.7326007326007326,78.0,200
con_semilla,24,0.13365668047509235,0.11152236558576849,1.25,0.8,100.0,400
con_semilla,24,0.033294964199124165,0.13278928680000301,1.0689655172413792,0.8898776418242491,142.0,800
con_semilla,24,4.229310217446769e-06,0.13490931303004514,1.0,0.9518143961927424,196.0,1600
con_semilla,24,0.0016537982766229933,0.13604869484009166,1.0,0.9512485136741974,266.0,3200
con_semilla,25,0.7252315635266966,0.2774950957455426,2.8,0.7142857142857143,46.0,50
con_semilla,25,0.6430023211365757,0.07339407291196272,1.8888888888888888,0.6535947712418301,66.0,100
con_semilla,25,0.376844669983772,0.05525324023312446,1.5384615384615385,0.7692307692307693,78.0,200
con_semilla,25,0.1368616316687533,0.12262092716132458,1.2105263157894737,0.9153318077803204,88.0,400
con_semilla,25,0.033079401372247325,0.13177364094423524,1.0333333333333334,0.8602150537634409,142.0,800
con_semilla,25,0.0003350172276710531,0.13763209058827938,1.0,0.9518143961927424,214.0,1600
con_semilla,25,-0.0014346582370309093,0.13966330297838603,1.0,0.9849184364419822,270.0,3200
con_semilla,26,0.7055469684071838,0.20348844022339063,2.1666666666666665,0.6410256410256411,46.0,50
con_semilla,26,0.6118777610861507,0.03852834522933577,1.8888888888888888,0.6535947712418301,68.0,100
con_semilla,26,0.386026996671135,0.09463564947038555,1.6153846153846154,0.7326007326007326,80.0,200
con_semilla,26,0.15048212944884912,0.1458721416043763,1.0952380952380953,0.8281573498964804,100.0,400
con_semilla,26,0.03175623480015844,0.13136426214279054,1.0689655172413792,0.8898776418242491,138.0,800
con_semilla,26,-0.004136974795232329,0.14456325618228497,1.024390243902439,0.9291521486643438,222.0,1600
con_semilla,26,0.0011128540168609791,0.13868451520344915,1.0350877192982457,0.951531370799881,274.0,3200
con_semilla,27,0.708517263072918,0.2089974722871703,2.6,0.7692307692307693,44.0,50
con_semilla,27,0.6168781439493992,0.053403458802146204,1.8888888888888888,0.6535947712418301,66.0,100
con_semilla,27,0.37993596246178996,0.03814641689774594,1.6153846153846154,0.7326007326007326,84.0,200
con_semilla,27,0.14530651304278513,0.12602907984030956,1.2,0.8333333333333334,98.0,400
con_semilla,27,0.032218661284837344,0.1369095605152529,1.0344827586206897,0.9195402298850575,130.0,800
con_semilla,27,0.003231457267892923,0.14123993939872573,1.024390243902439,0.9291521486643438,214.0,1600
con_semilla,27,0.0023865682886764386,0.13626002985214483,1.0,0.9512485136741974,264.0,3200
con_semilla,28,0.682680320956355,0.20682812080829785,2.6,0.7692307692307693,44.0,50
con_semilla,28,0.6361311631342016,0.08553295943074647,1.8888888888888888,0.6535947712418301,64.0,100
con_semilla,28,0.3531640172908125,0.08480031872000089,1.5384615384615385,0.7692307692307693,76.0,200
con_semilla,28,0.14386610681298972,0.1250760630996551,1.2,0.8333333333333334,100.0,400
con_semilla,28,0.04148679966327846,0.12355144647864828,1.0689655172413792,0.8898776418242491,138.0,800
con_semilla,28,0.0001617188404642164,0.13589922480957964,1.024390243902439,0.9291521486643438,210.0,1600
con_semilla,28,0.00011530880839582133,0.14171708071515723,1.0,0.9512485136741974,266.0,3200
con_semilla,29,0.7200836998936113,0.26405100141744253,2.8,0.7142857142857143,46.0,50
con_semilla,29,0.6242335401049877,0.10192563347044079,2.25,0.6944444444444444,64.0,100
con_semilla,29,0.3471001239654814,0.07119287295492123,1.5384615384615385,0.7692307692307693,78.0,200
con_semilla,29,0.1382658052002183,0.11701005367031046,1.2,0.8333333333333334,92.0,400
con_semilla,29,0.033447480285549815,0.13936587032915698,1.0689655172413792,0.8898776418242491,132.0,800
con_semilla,29,0.007225307806347692,0.1351054386302921,1.024390243902439,0.9291521486643438,224.0,1600
con_semilla,29,-0.00018961708688986528,0.1389947067287064,1.0175438596491229,0.9679370840895342,270.0,3200
con_semilla,30,0.7395830889325243,0.2644628030377667,2.6,0.7692307692307693,44.0,50
con_semilla,30,0.5826795917092622,0.09561880584227068,1.8888888888888888,0.6535947712418301,62.0,100
con_semilla,30,0.34096140538586456,0.08717605208714009,1.4285714285714286,0.7142857142857143,80.0,200
con_semilla,30,0.1351580200418413,0.12308555944242291,1.2105263157894737,0.9153318077803204,94.0,400
con_semilla,30,0.02644572453633772,0.13852807730749772,1.0344827586206897,0.9195402298850575,136.0,800
con_semilla,30,-0.0010507734016106012,0.13903433950447455,1.0,0.9518143961927424,214.0,1600
con_semilla,30,-0.001027300688334879,0.13607377432256668,1.0175438596491229,0.9679370840895342,264.0,3200
con_semilla,31,0.7023368038781161,0.2173300254206667,2.6,0.7692307692307693,44.0,50
con_semilla,31,0.6357268964493835,0.0694310838547006,1.8888888888888888,0.6535947712418301,66.0,100
con_semilla,31,0.38752687044793804,0.05409695174414352,1.6153846153846154,0.7326007326007326,82.0,200
con_semilla,31,0.14389349368365706,0.12195389446575539,1.263157894736842,0.8771929824561403,94.0,400
con_semilla,31,0.030565442115212088,0.13413317758405782,1.0689655172413792,0.8898776418242491,132.0,800
con_semilla,31,0.0014263062375540491,0.13614923094356973,1.024390243902439,0.9291521486643438,206.0,1600
con_semilla,31,-0.00026554991307707387,0.13731329164420503,1.0172413793103448,0.9351256575102279,274.0,3200
con_semilla,32,0.7295643003322752,0.25412444814851654,2.8,0.7142857142857143,46.0,50
con_semilla,32,0.6279279470968059,0.09985492572962543,2.125,0.7352941176470589,62.0,100
con_semilla,32,0.3621718136422662,0.07810838103781217,1.5,0.6802721088435374,84.0,200
con_semilla,32,0.14696164864568678,0.12104317005020733,1.1904761904761905,0.7619047619047619,100.0,400
con_semilla,32,0.02951922220764784,0.14119918661854858,1.0344827586206897,0.9195402298850575,132.0,800
con_semilla,32,-0.006470727353998524,0.1401525871182603,1.024390243902439,0.9291521486643438,210.0,1600
con_semilla,32,7.483091925642352e-05,0.1388242362622252,1.0175438596491229,0.9679370840895342,268.0,3200
con_semilla,33,0.6871262412542366,0.20185689741822815,2.1666666666666665,0.6410256410256411,46.0,50
con_semilla,33,0.6437738579620644,0.09654445478874717,1.8888888888888888,0.6535947712418301,66.0,100
con_semilla,33,0.38375021518193964,0.05796477479909633,1.5,0.6802721088435374,84.0,200
con_semilla,33,0.14566477005324624,0.11311969612720255,1.263157894736842,0.8771929824561403,98.0,400
con_semilla,33,0.034863853920248516,0.13276589882102377,1.0689655172413792,0.8898776418242491,144.0,800
con_semilla,33,0.0013691424090007823,0.13933741076430237,1.0,0.9518143961927424,214.0,1600
con_semilla,33,-0.0018399169531598673,0.13857370940795916,1.0350877192982457,0.951531370799881,266.0,3200
con_semilla,34,0.718596040656356,0.22306298944862718,2.1666666666666665,0.6410256410256411,46.0,50
con_semilla,34,0.6532254003972959,0.10505397697970822,1.8888888888888888,0.6535947712418301,64.0,100
con_semilla,34,0.3702838451351974,0.09404177439682936,1.6153846153846154,0.7326007326007326,82.0,200
con_semilla,34,0.14407899115229783,0.1278575021964551,1.15,0.8695652173913043,94.0,400
con_semilla,34,0.03286513745018413,0.13071064370813823,1.0689655172413792,0.8898776418242491,138.0,800
con_semilla,34,0.005456388823591802,0.13841759101108483,1.024390243902439,0.9291521486643438,204.0,1600
con_semilla,34,0.0025079020396321866,0.13849334493521487,1.0,0.9512485136741974,270.0,3200
con_semilla,35,0.7152854484168961,0.23489437480248554,2.6,0.7692307692307693,44.0,50
con_semilla,35,0.6191683384961392,0.05997479612426448,1.8888888888888888,0.6535947712418301,68.0,100
con_semilla,35,0.35842877363344444,0.08584577940581019,1.5384615384615385,0.7692307692307693,78.0,200
con_semilla,35,0.14436527984974157,0.11020859072288758,1.263157894736842,0.8771929824561403,96.0,400
con_semilla,35,0.032075306369709296,0.13692491823924569,1.0344827586206897,0.9195402298850575,138.0,800
con_semilla,35,0.0022615729702319294,0.13748987105102728,1.0,0.9518143961927424,206.0,1600
con_semilla,35,0.003118347994689235,0.14222251635325986,1.0175438596491229,0.9679370840895342,262.0,3200
con_semilla,36,0.7274509360566421,0.253722153967364,2.6,0.7692307692307693,44.0,50
con_semilla,36,0.6245237537183878,0.10242211961423585,1.8888888888888888,0.6535947712418301,64.0,100
con_semilla,36,0.3769657142746442,0.077523249069292,1.6153846153846154,0.7326007326007326,80.0,200
con_semilla,36,0.14696761164309588,0.12477103277342211,1.263157894736842,0.8771929824561403,98.0,400
con_semilla,36,0.03236805092959314,0.13852961641596379,1.0689655172413792,0.8898776418242491,136.0,800
con_semilla,36,0.004217918885422219,0.13549324001231752,1.0,0.9518143961927424,222.0,1600
con_semilla,36,-0.002975075897108935,0.13621879793624742,1.0350877192982457,0.951531370799881,278.0,3200
con_semilla,37,0.708517263072918,0.2089974722871703,2.6,0.7692307692307693,44.0,50
con_semilla,37,0.650830707952097,0.08979362640399079,1.8888888888888888,0.6535947712418301,68.0,100
con_semilla,37,0.3848187901924705,0.07617132856383818,1.6153846153846154,0.7326007326007326,80.0,200
con_semilla,37,0.13506643131425758,0.1234891297542915,1.15,0.8695652173913043,96.0,400
con_semilla,37,0.027196493202979254,0.1317532951863588,1.0344827586206897,0.9195402298850575,128.0,800
con_semilla,37,0.004516226219170722,0.14085325002341426,1.024390243902439,0.9291521486643438,220.0,1600
con_semilla,37,0.00040499454360740263,0.1384453635785588,1.0,0.9512485136741974,284.0,3200
con_semilla,38,0.7395830889325242,0.2644628030377666,2.6,0.7692307692307693,44.0,50
con_semilla,38,0.6079349953752701,0.03633426234762083,1.8888888888888888,0.6535947712418301,68.0,100
con_semilla,38,0.376444252580893,0.08578076999312083,1.6153846153846154,0.7326007326007326,80.0,200
con_semilla,38,0.1408834943385412,0.11113183249615557,1.2,0.8333333333333334,94.0,400
con_semilla,38,0.036601413798065724,0.13412818112630082,1.0689655172413792,0.8898776418242491,136.0,800
con_semilla,38,0.0002325188720668364,0.14425206929526915,1.0,0.9518143961927424,208.0,1600
con_semilla,38,-0.0019687957116310494,0.13516483891415149,1.0172413793103448,0.9351256575102279,274.0,3200
con_semilla,39,0.7055245392457201,0.21783425227897987,2.3333333333333335,0.5952380952380952,48.0,50
con_semilla,39,0.6358940840494198,0.11211120801016922,2.125,0.7352941176470589,64.0,100
con_semilla,39,0.36673149596292914,0.07993361392096555,1.6153846153846154,0.7326007326007326,82.0,200
con_semilla,39,0.14374773428271076,0.11895628190674079,1.263157894736842,0.8771929824561403,92.0,400
con_semilla,39,0.03026967505734731,0.1345633210885651,1.0333333333333334,0.8602150537634409,140.0,800
con_semilla,39,0.006721043406447238,0.13963884096634827,1.0,0.9518143961927424,208.0,1600
con_semilla,39,-0.001480501226581827,0.13779323309380823,1.0172413793103448,0.9351256575102279,274.0,3200
